content,Content Literal,Content Type,Prereq IRI,Prereq Literal,Where content is taught
http://www.ontologyrepository.com/CommonCoreOntologies/DiagraphGrapheme-qu-ICE,qu,Diagraph,N/A,N/A,Feed The Monster
http://www.ontologyrepository.com/CommonCoreOntologies/DiagraphPhoneme_z_Grapheme-ze-ICE,ze,Diagraph,"http://www.ontologyrepository.com/CommonCoreOntologies/Phoneme_z_Grapheme-z-ICE, http://www.ontologyrepository.com/CommonCoreOntologies/Phoneme_e_Grapheme-e-ICE,","z,e",Feed The Monster
http://www.ontologyrepository.com/CommonCoreOntologies/DiagraphPhoneme_z_Grapheme-zz-ICE,zz,Diagraph,"http://www.ontologyrepository.com/CommonCoreOntologies/Phoneme_z_Grapheme-z-ICE, http://www.ontologyrepository.com/CommonCoreOntologies/Phoneme_e_Grapheme-e-ICE,",z,Feed The Monster
http://www.ontologyrepository.com/CommonCoreOntologies/DiagraphPhoneme_s_Grapheme-sc-ICE,sc,Diagraph,"http://www.ontologyrepository.com/CommonCoreOntologies/Phoneme_z_Grapheme-s-ICE,http://www.ontologyrepository.com/CommonCoreOntologies/Phoneme_s_Grapheme-c-ICE","s,c",Feed The Monster
http://www.ontologyrepository.com/CommonCoreOntologies/DiagraphPhoneme_z_Grapheme-se-ICE,se,Diagraph,"http://www.ontologyrepository.com/CommonCoreOntologies/Phoneme_z_Grapheme-s-ICE, http://www.ontologyrepository.com/CommonCoreOntologies/Phoneme_e_Grapheme-e-ICE",s,Feed The Monster
http://www.ontologyrepository.com/CommonCoreOntologies/DiagraphPhoneme_r_Grapheme-wr-ICE,wr,Diagraph,"http://www.ontologyrepository.com/CommonCoreOntologies/Phoneme_w_Grapheme-w-ICE, http://www.ontologyrepository.com/CommonCoreOntologies/Phoneme_r_Grapheme-r-ICE","w,r",Feed The Monster
http://www.ontologyrepository.com/CommonCoreOntologies/DiagraphPhoneme_wh_with-breath_Grapheme-wh-ICE,wh,Diagraph,"http://www.ontologyrepository.com/CommonCoreOntologies/Phoneme_w_Grapheme-w-ICE, http://www.ontologyrepository.com/CommonCoreOntologies/Phoneme_h_Grapheme-h-ICE","w,h",Feed The Monster
http://www.ontologyrepository.com/CommonCoreOntologies/DiagraphPhoneme_v_Grapheme-ve-ICE,ve,Diagraph,"http://www.ontologyrepository.com/CommonCoreOntologies/Phoneme_v_Grapheme-v-ICE, http://www.ontologyrepository.com/CommonCoreOntologies/Phoneme_e_Grapheme-e-ICE,","v,e",Feed The Monster
http://www.ontologyrepository.com/CommonCoreOntologies/DiagraphPhoneme_ur__Grapheme-ur-ICE,ur,Diagraph,"http://www.ontologyrepository.com/CommonCoreOntologies/Phoneme_u_Grapheme-u-ICE,http://www.ontologyrepository.com/CommonCoreOntologies/Phoneme_r_Grapheme-r-ICE","u,r",Feed The Monster
http://www.ontologyrepository.com/CommonCoreOntologies/DiagraphGrapheme-ot-ICE,ot,Diagraph,"http://www.ontologyrepository.com/CommonCoreOntologies/Phoneme_u_Grapheme-o-ICE, http://www.ontologyrepository.com/CommonCoreOntologies/Phoneme_t_Grapheme-t-ICE","o,t",Feed The Monster
http://www.ontologyrepository.com/CommonCoreOntologies/DiagraphGrapheme-op-ICE,op,Diagraph,"http://www.ontologyrepository.com/CommonCoreOntologies/Phoneme_u_Grapheme-o-ICE, http://www.ontologyrepository.com/CommonCoreOntologies/Phoneme_p_Grapheme-p-ICE","o,p",Feed The Monster
http://www.ontologyrepository.com/CommonCoreOntologies/DiagraphPhoneme_ur__Grapheme-or-ICE,or,Diagraph,"http://www.ontologyrepository.com/CommonCoreOntologies/Phoneme_u_Grapheme-o-ICE, http://www.ontologyrepository.com/CommonCoreOntologies/Phoneme_p_Grapheme-p-ICE","o,r",Feed The Monster
http://www.ontologyrepository.com/CommonCoreOntologies/DiagraphPhoneme_Å_Grapheme-ou-ICE,ou,Diagraph,"http://www.ontologyrepository.com/CommonCoreOntologies/Phoneme_u_Grapheme-o-ICE, http://www.ontologyrepository.com/CommonCoreOntologies/Phoneme_Å_Grapheme-u-ICE","o,u",Feed The Monster
http://www.ontologyrepository.com/CommonCoreOntologies/DiagraphPhoneme_sh_Grapheme-ti-ICE,ti,Diagraph,"http://www.ontologyrepository.com/CommonCoreOntologies/Phoneme_t_Grapheme-t-ICE,http://www.ontologyrepository.com/CommonCoreOntologies/Phoneme_i_Grapheme-i-ICE","t,i",Feed The Monster
http://www.ontologyrepository.com/CommonCoreOntologies/DiagraphGrapheme-tr-ICE,tr,Diagraph,"http://www.ontologyrepository.com/CommonCoreOntologies/Phoneme_t_Grapheme-t-ICE, http://www.ontologyrepository.com/CommonCoreOntologies/Phoneme_r_Grapheme-r-ICE","t,r",Feed The Monster
http://www.ontologyrepository.com/CommonCoreOntologies/DiagraphPhoneme_th_not-voiced_Grapheme-th-ICE,th,Diagraph,"http://www.ontologyrepository.com/CommonCoreOntologies/Phoneme_t_Grapheme-t-ICE, http://www.ontologyrepository.com/CommonCoreOntologies/Phoneme_h_Grapheme-h-ICE","t,h",Feed The Monster
http://www.ontologyrepository.com/CommonCoreOntologies/DiagraphPhoneme_th_voiced_Grapheme-th-ICE,th,Diagraph,"http://www.ontologyrepository.com/CommonCoreOntologies/Phoneme_t_Grapheme-t-ICE, http://www.ontologyrepository.com/CommonCoreOntologies/Phoneme_h_Grapheme-h-ICE","t,h",Feed The Monster
http://www.ontologyrepository.com/CommonCoreOntologies/DiagraphPhoneme_t_Grapheme-tt-ICE,tt,Diagraph,http://www.ontologyrepository.com/CommonCoreOntologies/Phoneme_t_Grapheme-t-ICE,t,Feed The Monster
http://www.ontologyrepository.com/CommonCoreOntologies/DiagraphPhoneme_sh_Grapheme-sh-ICE,sh,Diagraph,"http://www.ontologyrepository.com/CommonCoreOntologies/Phoneme_s_Grapheme-s-ICE,http://www.ontologyrepository.com/CommonCoreOntologies/Phoneme_h_Grapheme-h-ICE","s,h",Feed The Monster
http://www.ontologyrepository.com/CommonCoreOntologies/DiagraphGrapheme-sw-ICE,sw,Diagraph,"http://www.ontologyrepository.com/CommonCoreOntologies/Phoneme_s_Grapheme-s-ICE, http://www.ontologyrepository.com/CommonCoreOntologies/Phoneme_w_Grapheme-w-ICE","s,w",Feed The Monster
http://www.ontologyrepository.com/CommonCoreOntologies/DiagraphGrapheme-st-ICE,st,Diagraph,"http://www.ontologyrepository.com/CommonCoreOntologies/Phoneme_s_Grapheme-s-ICE, http://www.ontologyrepository.com/CommonCoreOntologies/Phoneme_t_Grapheme-t-ICE","s,t",Feed The Monster
http://www.ontologyrepository.com/CommonCoreOntologies/DiagraphGrapheme-sp-ICE,sp,Diagraph,"http://www.ontologyrepository.com/CommonCoreOntologies/Phoneme_s_Grapheme-s-ICE, http://www.ontologyrepository.com/CommonCoreOntologies/Phoneme_p_Grapheme-p-ICE","s,p",Feed The Monster
http://www.ontologyrepository.com/CommonCoreOntologies/DiagraphPhoneme_s_Grapheme-se-ICE,se,Diagraph,"http://www.ontologyrepository.com/CommonCoreOntologies/Phoneme_s_Grapheme-s-ICE, http://www.ontologyrepository.com/CommonCoreOntologies/Phoneme_e_Grapheme-e-ICE","s,e",Feed The Monster
http://www.ontologyrepository.com/CommonCoreOntologies/DiagraphPhoneme_s_Grapheme-ss-ICE,ss,Diagraph,http://www.ontologyrepository.com/CommonCoreOntologies/Phoneme_s_Grapheme-s-ICE,s,Feed The Monster
http://www.ontologyrepository.com/CommonCoreOntologies/DiagraphPhoneme_sh_Grapheme-ss-ICE,ss,Diagraph,http://www.ontologyrepository.com/CommonCoreOntologies/Phoneme_s_Grapheme-s-ICE,s,Feed The Monster
http://www.ontologyrepository.com/CommonCoreOntologies/DiagraphPhoneme_sh_Grapheme-ci-ICE,ci,Diagraph,"http://www.ontologyrepository.com/CommonCoreOntologies/Phoneme_s_Grapheme-c-ICE,http://www.ontologyrepository.com/CommonCoreOntologies/Phoneme_i_Grapheme-i-ICE","c,i",Feed The Monster
http://www.ontologyrepository.com/CommonCoreOntologies/DiagraphPhoneme_s_Grapheme-ce-ICE,ce,Diagraph,"http://www.ontologyrepository.com/CommonCoreOntologies/Phoneme_s_Grapheme-c-ICE,http://www.ontologyrepository.com/CommonCoreOntologies/Phoneme_e_Grapheme-e-ICE","c,e",Feed The Monster
http://www.ontologyrepository.com/CommonCoreOntologies/DiagraphPhoneme_k_Grapheme-ch-ICE,ch,Diagraph,"http://www.ontologyrepository.com/CommonCoreOntologies/Phoneme_s_Grapheme-c-ICE, http://www.ontologyrepository.com/CommonCoreOntologies/Phoneme_h_Grapheme-h-ICE","c,h",Feed The Monster
http://www.ontologyrepository.com/CommonCoreOntologies/DiagraphPhoneme_r_Grapheme-rr-ICE,rr,Diagraph,http://www.ontologyrepository.com/CommonCoreOntologies/Phoneme_r_Grapheme-r-ICE,r,Feed The Monster
http://www.ontologyrepository.com/CommonCoreOntologies/DiagraphPhoneme_f_Grapheme-ph-ICE,ph,Diagraph,"http://www.ontologyrepository.com/CommonCoreOntologies/Phoneme_p_Grapheme-p-ICE,http://www.ontologyrepository.com/CommonCoreOntologies/Phoneme_h_Grapheme-h-ICE","p,h",Feed The Monster
http://www.ontologyrepository.com/CommonCoreOntologies/DiagraphGrapheme-pr-ICE,pr,Diagraph,"http://www.ontologyrepository.com/CommonCoreOntologies/Phoneme_p_Grapheme-p-ICE, http://www.ontologyrepository.com/CommonCoreOntologies/Phoneme_r_Grapheme-r-ICE","p,r",Feed The Monster
http://www.ontologyrepository.com/CommonCoreOntologies/DiagraphGrapheme-pl-ICE,pl,Diagraph,"http://www.ontologyrepository.com/CommonCoreOntologies/Phoneme_p_Grapheme-p-ICE, http://www.ontologyrepository.com/CommonCoreOntologies/Phoneme_l_Grapheme-l-ICE","p,l",Feed The Monster
http://www.ontologyrepository.com/CommonCoreOntologies/DiagraphPhoneme_p_Grapheme-pp-ICE,pp,Diagraph,http://www.ontologyrepository.com/CommonCoreOntologies/Phoneme_p_Grapheme-p-ICE,p,Feed The Monster
http://www.ontologyrepository.com/CommonCoreOntologies/DiagraphGrapheme-ox-ICE,ox,Diagraph,"http://www.ontologyrepository.com/CommonCoreOntologies/Phoneme_o_Grapheme-o-ICE, http://www.ontologyrepository.com/CommonCoreOntologies/Phoneme_z_Grapheme-x-ICE","o,x",Feed The Monster
http://www.ontologyrepository.com/CommonCoreOntologies/DiagraphPhoneme_oy_Grapheme-oy-ICE,oy,Diagraph,"http://www.ontologyrepository.com/CommonCoreOntologies/Phoneme_o_Grapheme-o-ICE, http://www.ontologyrepository.com/CommonCoreOntologies/Phoneme_y_Grapheme-y-ICE",N/A,Feed The Monster
http://www.ontologyrepository.com/CommonCoreOntologies/DiagraphPhoneme_Å_Grapheme-ow-ICE,ow,Diagraph,"http://www.ontologyrepository.com/CommonCoreOntologies/Phoneme_o_Grapheme-o-ICE, http://www.ontologyrepository.com/CommonCoreOntologies/Phoneme_w_Grapheme-w-ICE","o,w",Feed The Monster
http://www.ontologyrepository.com/CommonCoreOntologies/DiagraphPhoneme_ow_Grapheme-ou-ICE,ou,Diagraph,"http://www.ontologyrepository.com/CommonCoreOntologies/Phoneme_o_Grapheme-o-ICE, http://www.ontologyrepository.com/CommonCoreOntologies/Phoneme_u_Grapheme-u-ICE","o,u",Feed The Monster
http://www.ontologyrepository.com/CommonCoreOntologies/DiagraphPhoneme_or__Grapheme-or-ICE,or,Diagraph,"http://www.ontologyrepository.com/CommonCoreOntologies/Phoneme_o_Grapheme-o-ICE, http://www.ontologyrepository.com/CommonCoreOntologies/Phoneme_r_Grapheme-r-ICE","o,r",Feed The Monster
http://www.ontologyrepository.com/CommonCoreOntologies/DiagraphGrapheme-og-ICE,og,Diagraph,"http://www.ontologyrepository.com/CommonCoreOntologies/Phoneme_o_Grapheme-o-ICE, http://www.ontologyrepository.com/CommonCoreOntologies/Phoneme_j_Grapheme-g-ICE","o,g",Feed The Monster
http://www.ontologyrepository.com/CommonCoreOntologies/DiagraphPhoneme_oy_Grapheme-oi-ICE,oi,Diagraph,"http://www.ontologyrepository.com/CommonCoreOntologies/Phoneme_o_Grapheme-o-ICE, http://www.ontologyrepository.com/CommonCoreOntologies/Phoneme_i_Grapheme-i-ICE","o,i",Feed The Monster
http://www.ontologyrepository.com/CommonCoreOntologies/DiagraphPhoneme_Å_Grapheme-oa-ICE,oa,Diagraph,"http://www.ontologyrepository.com/CommonCoreOntologies/Phoneme_o_Grapheme-o-ICE, http://www.ontologyrepository.com/CommonCoreOntologies/Phoneme_a_Grapheme-a-ICE","o,a",Feed The Monster
http://www.ontologyrepository.com/CommonCoreOntologies/DiagraphPhoneme_ÅÅ_Grapheme-oo-ICE,oo,Diagraph,http://www.ontologyrepository.com/CommonCoreOntologies/Phoneme_o_Grapheme-o-ICE,o,Feed The Monster
http://www.ontologyrepository.com/CommonCoreOntologies/DiagraphPhoneme_oo_Grapheme-oo-ICE,oo,Diagraph,http://www.ontologyrepository.com/CommonCoreOntologies/Phoneme_o_Grapheme-o-ICE,o,Feed The Monster
http://www.ontologyrepository.com/CommonCoreOntologies/DiagraphPhoneme_ng_Grapheme-ng-ICE,ng,Diagraph,"http://www.ontologyrepository.com/CommonCoreOntologies/Phoneme_ng_Grapheme-n-ICE, http://www.ontologyrepository.com/CommonCoreOntologies/Phoneme_ng_Grapheme-n-ICE","n,g",Feed The Monster
http://www.ontologyrepository.com/CommonCoreOntologies/DiagraphPhoneme_n_Grapheme-nn-ICE,nn,Diagraph,http://www.ontologyrepository.com/CommonCoreOntologies/Phoneme_n_Grapheme-n-ICE,n,Feed The Monster
http://www.ontologyrepository.com/CommonCoreOntologies/DiagraphPhoneme_m_Grapheme-mb-ICE,mb,Diagraph,"http://www.ontologyrepository.com/CommonCoreOntologies/Phoneme_m_Grapheme-m-ICE, http://www.ontologyrepository.com/CommonCoreOntologies/Phoneme_b_Grapheme-b-ICE","m,b",Feed The Monster
http://www.ontologyrepository.com/CommonCoreOntologies/DiagraphPhoneme_m_Grapheme-mm-ICE,mm,Diagraph,http://www.ontologyrepository.com/CommonCoreOntologies/Phoneme_m_Grapheme-m-ICE,m,Feed The Monster
http://www.ontologyrepository.com/CommonCoreOntologies/DiagraphPhoneme_l_Grapheme-ll-ICE,ll,Diagraph,http://www.ontologyrepository.com/CommonCoreOntologies/Phoneme_l_Grapheme-l-ICE,l,Feed The Monster
http://www.ontologyrepository.com/CommonCoreOntologies/DiagraphPhoneme_n_Grapheme-kn-ICE,kn,Diagraph,"http://www.ontologyrepository.com/CommonCoreOntologies/Phoneme_k_Grapheme-k-ICE, http://www.ontologyrepository.com/CommonCoreOntologies/Phoneme_n_Grapheme-n-ICE","k,n",Feed The Monster
http://www.ontologyrepository.com/CommonCoreOntologies/DiagraphGrapheme-cr-ICE,cr,Diagraph,"http://www.ontologyrepository.com/CommonCoreOntologies/Phoneme_k_Grapheme-c-ICE, http://www.ontologyrepository.com/CommonCoreOntologies/Phoneme_r_Grapheme-r-ICE","c,r",Feed The Monster
http://www.ontologyrepository.com/CommonCoreOntologies/DiagraphGrapheme-cl-ICE,cl,Diagraph,"http://www.ontologyrepository.com/CommonCoreOntologies/Phoneme_k_Grapheme-c-ICE, http://www.ontologyrepository.com/CommonCoreOntologies/Phoneme_l_Grapheme-l-ICE","c,l",Feed The Monster
http://www.ontologyrepository.com/CommonCoreOntologies/DiagraphPhoneme_k_Grapheme-ck-ICE,ck,Diagraph,"http://www.ontologyrepository.com/CommonCoreOntologies/Phoneme_k_Grapheme-c-ICE, http://www.ontologyrepository.com/CommonCoreOntologies/Phoneme_k_Grapheme-k-ICE","c,k",Feed The Monster
http://www.ontologyrepository.com/CommonCoreOntologies/DiagraphPhoneme_ch_Grapheme-ch-ICE,ch,Diagraph,"http://www.ontologyrepository.com/CommonCoreOntologies/Phoneme_k_Grapheme-c-ICE, http://www.ontologyrepository.com/CommonCoreOntologies/Phoneme_h_Grapheme-h-ICE","c,h",Feed The Monster
http://www.ontologyrepository.com/CommonCoreOntologies/DiagraphPhoneme_sh_Grapheme-ch-ICE,ch,Diagraph,"http://www.ontologyrepository.com/CommonCoreOntologies/Phoneme_k_Grapheme-c-ICE, http://www.ontologyrepository.com/CommonCoreOntologies/Phoneme_h_Grapheme-h-ICE","c,h",Feed The Monster
http://www.ontologyrepository.com/CommonCoreOntologies/DiagraphPhoneme_k_Grapheme-cc-ICE,cc,Diagraph,http://www.ontologyrepository.com/CommonCoreOntologies/Phoneme_k_Grapheme-c-ICE,c,Feed The Monster
http://www.ontologyrepository.com/CommonCoreOntologies/DiagraphGrapheme-gr-ICE,gr,Diagraph,"http://www.ontologyrepository.com/CommonCoreOntologies/Phoneme_j_Grapheme-g-ICE,http://www.ontologyrepository.com/CommonCoreOntologies/Phoneme_r_Grapheme-r-ICE","g,r",Feed The Monster
http://www.ontologyrepository.com/CommonCoreOntologies/DiagraphPhoneme_zh_Grapheme-ge-ICE,ge,Diagraph,"http://www.ontologyrepository.com/CommonCoreOntologies/Phoneme_j_Grapheme-g-ICE,http://www.ontologyrepository.com/CommonCoreOntologies/Phoneme_e_Grapheme-e-ICE,","g,e",Feed The Monster
http://www.ontologyrepository.com/CommonCoreOntologies/DiagraphGrapheme-gl-ICE,gl,Diagraph,"http://www.ontologyrepository.com/CommonCoreOntologies/Phoneme_j_Grapheme-g-ICE, http://www.ontologyrepository.com/CommonCoreOntologies/Phoneme_l_Grapheme-l-ICE","g,l",Feed The Monster
http://www.ontologyrepository.com/CommonCoreOntologies/DiagraphGrapheme-it-ICE,it,Diagraph,"http://www.ontologyrepository.com/CommonCoreOntologies/Phoneme_i_Grapheme-i-ICE,http://www.ontologyrepository.com/CommonCoreOntologies/Phoneme_t_Grapheme-t-ICE","I,t",Feed The Monster
http://www.ontologyrepository.com/CommonCoreOntologies/DiagraphPhoneme_Ä_Grapheme-ie-ICE,ie,Diagraph,"http://www.ontologyrepository.com/CommonCoreOntologies/Phoneme_i_Grapheme-i-ICE,http://www.ontologyrepository.com/CommonCoreOntologies/Phoneme_e_Grapheme-e-ICE","I,e",Feed The Monster
http://www.ontologyrepository.com/CommonCoreOntologies/DiagraphPhoneme_ur__Grapheme-ir-ICE,ir,Diagraph,"http://www.ontologyrepository.com/CommonCoreOntologies/Phoneme_i_Grapheme-i-ICE, http://www.ontologyrepository.com/CommonCoreOntologies/Phoneme_r_Grapheme-r-ICE","I,r",Feed The Monster
http://www.ontologyrepository.com/CommonCoreOntologies/DiagraphGrapheme-ip-ICE,ip,Diagraph,"http://www.ontologyrepository.com/CommonCoreOntologies/Phoneme_i_Grapheme-i-ICE, http://www.ontologyrepository.com/CommonCoreOntologies/Phoneme_p_Grapheme-p-ICE","i,p",Feed The Monster
http://www.ontologyrepository.com/CommonCoreOntologies/DiagraphGrapheme-in-ICE,in,Diagraph,"http://www.ontologyrepository.com/CommonCoreOntologies/Phoneme_i_Grapheme-i-ICE, http://www.ontologyrepository.com/CommonCoreOntologies/Phoneme_n_Grapheme-n-ICE","i,n",Feed The Monster
http://www.ontologyrepository.com/CommonCoreOntologies/DiagraphPhoneme_n_Grapheme-gn-ICE,gn,Diagraph,"http://www.ontologyrepository.com/CommonCoreOntologies/Phoneme_g_Grapheme-g-ICE, http://www.ontologyrepository.com/CommonCoreOntologies/Phoneme_n_Grapheme-n-ICE","g,n",Feed The Monster
http://www.ontologyrepository.com/CommonCoreOntologies/DiagraphPhoneme_j_Grapheme-ge-ICE,ge,Diagraph,"http://www.ontologyrepository.com/CommonCoreOntologies/Phoneme_g_Grapheme-g-ICE,http://www.ontologyrepository.com/CommonCoreOntologies/Phoneme_e_Grapheme-e-ICE","g,e",Feed The Monster
http://www.ontologyrepository.com/CommonCoreOntologies/DiagraphPhoneme_g_Grapheme-gg-ICE,gg,Diagraph,http://www.ontologyrepository.com/CommonCoreOntologies/Phoneme_g_Grapheme-g-ICE,g,Feed The Monster
http://www.ontologyrepository.com/CommonCoreOntologies/DiagraphGrapheme-fr-ICE,fr,Diagraph,"http://www.ontologyrepository.com/CommonCoreOntologies/Phoneme_f_Grapheme-f-ICE, http://www.ontologyrepository.com/CommonCoreOntologies/Phoneme_r_Grapheme-r-ICE","f,r",Feed The Monster
http://www.ontologyrepository.com/CommonCoreOntologies/DiagraphGrapheme-fl-ICE,fl,Diagraph,"http://www.ontologyrepository.com/CommonCoreOntologies/Phoneme_f_Grapheme-f-ICE, http://www.ontologyrepository.com/CommonCoreOntologies/Phoneme_l_Grapheme-l-ICE","f,l",Feed The Monster
http://www.ontologyrepository.com/CommonCoreOntologies/DiagraphPhoneme_Ä_Grapheme-ei-ICE,ei,Diagraph,"http://www.ontologyrepository.com/CommonCoreOntologies/Phoneme_e_Grapheme-e-ICE,http://www.ontologyrepository.com/CommonCoreOntologies/Phoneme_i_Grapheme-i-ICE","e,i",Feed The Monster
http://www.ontologyrepository.com/CommonCoreOntologies/DiagraphPhoneme_t_Grapheme-ed-ICE,ed,Diagraph,"http://www.ontologyrepository.com/CommonCoreOntologies/Phoneme_e_Grapheme-e-ICE,http://www.ontologyrepository.com/CommonCoreOntologies/Phoneme_d_Grapheme-d-ICE","e,d",Feed The Monster
http://www.ontologyrepository.com/CommonCoreOntologies/DiagraphPhoneme_Ä_Grapheme-ey-ICE,ey,Diagraph,"http://www.ontologyrepository.com/CommonCoreOntologies/Phoneme_e_Grapheme-e-ICE, http://www.ontologyrepository.com/CommonCoreOntologies/Phoneme_y_Grapheme-y-ICE","e,y",Feed The Monster
http://www.ontologyrepository.com/CommonCoreOntologies/DiagraphPhoneme_Å_Grapheme-ew-ICE,ew,Diagraph,"http://www.ontologyrepository.com/CommonCoreOntologies/Phoneme_e_Grapheme-e-ICE, http://www.ontologyrepository.com/CommonCoreOntologies/Phoneme_w_Grapheme-w-ICE","e,w",Feed The Monster
http://www.ontologyrepository.com/CommonCoreOntologies/DiagraphPhoneme_ur__Grapheme-er-ICE,er,Diagraph,"http://www.ontologyrepository.com/CommonCoreOntologies/Phoneme_e_Grapheme-e-ICE, http://www.ontologyrepository.com/CommonCoreOntologies/Phoneme_r_Grapheme-r-ICE","e,r",Feed The Monster
http://www.ontologyrepository.com/CommonCoreOntologies/DiagraphPhoneme_d_Grapheme-ed-ICE,ed,Diagraph,"http://www.ontologyrepository.com/CommonCoreOntologies/Phoneme_e_Grapheme-e-ICE, http://www.ontologyrepository.com/CommonCoreOntologies/Phoneme_d_Grapheme-d-ICE","e,d",Feed The Monster
http://www.ontologyrepository.com/CommonCoreOntologies/DiagraphPhoneme_Ä_Grapheme-ea-ICE,ea,Diagraph,"http://www.ontologyrepository.com/CommonCoreOntologies/Phoneme_e_Grapheme-e-ICE, http://www.ontologyrepository.com/CommonCoreOntologies/Phoneme_a_Grapheme-a-ICE","e,a",Feed The Monster
http://www.ontologyrepository.com/CommonCoreOntologies/DiagraphPhoneme_e_Grapheme-ea-ICE,ea,Diagraph,"http://www.ontologyrepository.com/CommonCoreOntologies/Phoneme_e_Grapheme-e-ICE, http://www.ontologyrepository.com/CommonCoreOntologies/Phoneme_a_Grapheme-a-ICE","e,a",Feed The Monster
http://www.ontologyrepository.com/CommonCoreOntologies/DiagraphPhoneme_Ä_Grapheme-ee-ICE,ee,Diagraph,http://www.ontologyrepository.com/CommonCoreOntologies/Phoneme_e_Grapheme-e-ICE,e,Feed The Monster
http://www.ontologyrepository.com/CommonCoreOntologies/DiagraphPhoneme_d_Grapheme-dd-ICE,dd,Diagraph,http://www.ontologyrepository.com/CommonCoreOntologies/Phoneme_d_Grapheme-d-ICE,d,Feed The Monster
http://www.ontologyrepository.com/CommonCoreOntologies/DiagraphGrapheme-br-ICE,br,Diagraph,"http://www.ontologyrepository.com/CommonCoreOntologies/Phoneme_b_Grapheme-b-ICE,http://www.ontologyrepository.com/CommonCoreOntologies/Phoneme_r_Grapheme-r-ICE","b,r",Feed The Monster
http://www.ontologyrepository.com/CommonCoreOntologies/DiagraphGrapheme-bl-ICE,bl,Diagraph,"http://www.ontologyrepository.com/CommonCoreOntologies/Phoneme_b_Grapheme-b-ICE, http://www.ontologyrepository.com/CommonCoreOntologies/Phoneme_l_Grapheme-l-ICE","b,l",Feed The Monster
http://www.ontologyrepository.com/CommonCoreOntologies/DiagraphPhoneme_b_Grapheme-bb-ICE,bb,Diagraph,http://www.ontologyrepository.com/CommonCoreOntologies/Phoneme_b_Grapheme-b-ICE,b,Feed The Monster
http://www.ontologyrepository.com/CommonCoreOntologies/DiagraphGrapheme-ue-ICE,ue,Diagraph,"http://www.ontologyrepository.com/CommonCoreOntologies/Phoneme_ÅÅ_Grapheme-u-ICE, http://www.ontologyrepository.com/CommonCoreOntologies/Phoneme_e_Grapheme-e-ICE","u,e",Feed The Monster
http://www.ontologyrepository.com/CommonCoreOntologies/DiagraphPhoneme_o_Grapheme-au-ICE,au,Diagraph,"http://www.ontologyrepository.com/CommonCoreOntologies/Phoneme_a_Grapheme-a-ICE,http://www.ontologyrepository.com/CommonCoreOntologies/Phoneme_u_Grapheme-u-ICE","a,u",Feed The Monster
http://www.ontologyrepository.com/CommonCoreOntologies/DiagraphGrapheme-an-ICE,an,Diagraph,"http://www.ontologyrepository.com/CommonCoreOntologies/Phoneme_a_Grapheme-a-ICE,http://www.ontologyrepository.com/CommonCoreOntologies/Phoneme_n_Grapheme-n-ICE","a,n",Feed The Monster
http://www.ontologyrepository.com/CommonCoreOntologies/DiagraphPhoneme_Ä_Grapheme-ay-ICE,ay,Diagraph,"http://www.ontologyrepository.com/CommonCoreOntologies/Phoneme_a_Grapheme-a-ICE, http://www.ontologyrepository.com/CommonCoreOntologies/Phoneme_y_Grapheme-y-ICE","a,y",Feed The Monster
http://www.ontologyrepository.com/CommonCoreOntologies/DiagraphPhoneme_o_Grapheme-aw-ICE,aw,Diagraph,"http://www.ontologyrepository.com/CommonCoreOntologies/Phoneme_a_Grapheme-a-ICE, http://www.ontologyrepository.com/CommonCoreOntologies/Phoneme_w_Grapheme-w-ICE","a,w",Feed The Monster
http://www.ontologyrepository.com/CommonCoreOntologies/DiagraphPhoneme_ar__Grapheme-ar-ICE,ar,Diagraph,"http://www.ontologyrepository.com/CommonCoreOntologies/Phoneme_a_Grapheme-a-ICE, http://www.ontologyrepository.com/CommonCoreOntologies/Phoneme_r_Grapheme-r-ICE","a,r",Feed The Monster
http://www.ontologyrepository.com/CommonCoreOntologies/DiagraphPhoneme_ur__Grapheme-ar-ICE,ar,Diagraph,"http://www.ontologyrepository.com/CommonCoreOntologies/Phoneme_a_Grapheme-a-ICE, http://www.ontologyrepository.com/CommonCoreOntologies/Phoneme_r_Grapheme-r-ICE","a,r",Feed The Monster
http://www.ontologyrepository.com/CommonCoreOntologies/DiagraphGrapheme-ap-ICE,ap,Diagraph,"http://www.ontologyrepository.com/CommonCoreOntologies/Phoneme_a_Grapheme-a-ICE, http://www.ontologyrepository.com/CommonCoreOntologies/Phoneme_p_Grapheme-p-ICE","a,p",Feed The Monster
http://www.ontologyrepository.com/CommonCoreOntologies/DiagraphPhoneme_Ä_Grapheme-ai-ICE,ai,Diagraph,"http://www.ontologyrepository.com/CommonCoreOntologies/Phoneme_a_Grapheme-a-ICE, http://www.ontologyrepository.com/CommonCoreOntologies/Phoneme_i_Grapheme-i-ICE","a,i",Feed The Monster
http://www.ontologyrepository.com/CommonCoreOntologies/DiagraphGrapheme-ad-ICE,ad,Diagraph,"http://www.ontologyrepository.com/CommonCoreOntologies/Phoneme_a_Grapheme-a-ICE, http://www.ontologyrepository.com/CommonCoreOntologies/Phoneme_d_Grapheme-d-ICE","a,d",Feed The Monster
http://www.ontologyrepository.com/CommonCoreOntologies/DiagraphPhoneme_a_Grapheme-au-ICE,au,Diagraph,"http://www.ontologyrepository.com/CommonCoreOntologies/Phoneme_a_Grapheme-a-ICE ,http://www.ontologyrepository.com/CommonCoreOntologies/Phoneme_u_Grapheme-u-ICE","a,u",Feed The Monster
http://www.ontologyrepository.com/CommonCoreOntologies/Phoneme_a_Grapheme-a-ICE,a,Grapheme,N/A,N/A,Feed The Monster
http://www.ontologyrepository.com/CommonCoreOntologies/Phoneme_Ä_Grapheme-a-ICE,a,Grapheme,N/A,N/A,Feed The Monster
http://www.ontologyrepository.com/CommonCoreOntologies/Phoneme_o_Grapheme-a-ICE,a,Grapheme,N/A,N/A,Feed The Monster
http://www.ontologyrepository.com/CommonCoreOntologies/Phoneme_b_Grapheme-b-ICE,b,Grapheme,N/A,N/A,Feed The Monster
http://www.ontologyrepository.com/CommonCoreOntologies/Phoneme_k_Grapheme-c-ICE,c,Grapheme,N/A,N/A,Feed The Monster
http://www.ontologyrepository.com/CommonCoreOntologies/Phoneme_s_Grapheme-c-ICE,c,Grapheme,N/A,N/A,Feed The Monster
http://www.ontologyrepository.com/CommonCoreOntologies/Phoneme_d_Grapheme-d-ICE,d,Grapheme,N/A,N/A,Feed The Monster
http://www.ontologyrepository.com/CommonCoreOntologies/Phoneme_Ä_Grapheme-e-ICE,e,Grapheme,N/A,N/A,Feed The Monster
http://www.ontologyrepository.com/CommonCoreOntologies/Phoneme_e_Grapheme-e-ICE,e,Grapheme,N/A,N/A,Feed The Monster
http://www.ontologyrepository.com/CommonCoreOntologies/Phoneme_f_Grapheme-f-ICE,f,Grapheme,N/A,N/A,Feed The Monster
http://www.ontologyrepository.com/CommonCoreOntologies/Phoneme_j_Grapheme-g-ICE,g,Grapheme,N/A,N/A,Feed The Monster
http://www.ontologyrepository.com/CommonCoreOntologies/Phoneme_ng_Grapheme-n-ICE,g,Grapheme,N/A,N/A,Feed The Monster
http://www.ontologyrepository.com/CommonCoreOntologies/Phoneme_h_Grapheme-h-ICE,h,Grapheme,N/A,N/A,Feed The Monster
http://www.ontologyrepository.com/CommonCoreOntologies/Phoneme_Ä_Grapheme-i-ICE,i,Grapheme,N/A,N/A,Feed The Monster
http://www.ontologyrepository.com/CommonCoreOntologies/Phoneme_i_Grapheme-i-ICE,i,Grapheme,N/A,N/A,Feed The Monster
http://www.ontologyrepository.com/CommonCoreOntologies/Phoneme_y_Grapheme-i-ICE,i,Grapheme,N/A,N/A,Feed The Monster
http://www.ontologyrepository.com/CommonCoreOntologies/Phoneme_j_Grapheme-j-ICE,j,Grapheme,N/A,N/A,Feed The Monster
http://www.ontologyrepository.com/CommonCoreOntologies/Phoneme_k_Grapheme-k-ICE,k,Grapheme,N/A,N/A,Feed The Monster
http://www.ontologyrepository.com/CommonCoreOntologies/Phoneme_l_Grapheme-l-ICE,l,Grapheme,N/A,N/A,Feed The Monster
http://www.ontologyrepository.com/CommonCoreOntologies/Phoneme_m_Grapheme-m-ICE,m,Grapheme,N/A,N/A,Feed The Monster
http://www.ontologyrepository.com/CommonCoreOntologies/Phoneme_n_Grapheme-n-ICE,n,Grapheme,N/A,N/A,Feed The Monster
http://www.ontologyrepository.com/CommonCoreOntologies/Phoneme_ng_Grapheme-n-ICE,n,Grapheme,N/A,N/A,Feed The Monster
http://www.ontologyrepository.com/CommonCoreOntologies/Phoneme_Å_Grapheme-o-ICE,o,Grapheme,N/A,N/A,Feed The Monster
http://www.ontologyrepository.com/CommonCoreOntologies/Phoneme_o_Grapheme-o-ICE,o,Grapheme,N/A,N/A,Feed The Monster
http://www.ontologyrepository.com/CommonCoreOntologies/Phoneme_u_Grapheme-o-ICE,o,Grapheme,N/A,N/A,Feed The Monster
http://www.ontologyrepository.com/CommonCoreOntologies/Phoneme_p_Grapheme-p-ICE,p,Grapheme,N/A,N/A,Feed The Monster
http://www.ontologyrepository.com/CommonCoreOntologies/Phoneme_r_Grapheme-r-ICE,r,Grapheme,N/A,N/A,Feed The Monster
http://www.ontologyrepository.com/CommonCoreOntologies/Phoneme_s_Grapheme-s-ICE,s,Grapheme,N/A,N/A,Feed The Monster
http://www.ontologyrepository.com/CommonCoreOntologies/Phoneme_z_Grapheme-s-ICE,s,Grapheme,N/A,N/A,Feed The Monster
http://www.ontologyrepository.com/CommonCoreOntologies/Phoneme_zh_Grapheme-s-ICE,s,Grapheme,N/A,N/A,Feed The Monster
http://www.ontologyrepository.com/CommonCoreOntologies/Phoneme_t_Grapheme-t-ICE,t,Grapheme,N/A,N/A,Feed The Monster
http://www.ontologyrepository.com/CommonCoreOntologies/Phoneme_Å_Grapheme-u-ICE,u,Grapheme,N/A,N/A,Feed The Monster
http://www.ontologyrepository.com/CommonCoreOntologies/Phoneme_ÅÅ_Grapheme-u-ICE,u,Grapheme,N/A,N/A,Feed The Monster
http://www.ontologyrepository.com/CommonCoreOntologies/Phoneme_oo_Grapheme-u-ICE,u,Grapheme,N/A,N/A,Feed The Monster
http://www.ontologyrepository.com/CommonCoreOntologies/Phoneme_u_Grapheme-u-ICE,u,Grapheme,N/A,N/A,Feed The Monster
http://www.ontologyrepository.com/CommonCoreOntologies/Phoneme_v_Grapheme-v-ICE,v,Grapheme,N/A,N/A,Feed The Monster
http://www.ontologyrepository.com/CommonCoreOntologies/Phoneme_w_Grapheme-w-ICE,w,Grapheme,N/A,N/A,Feed The Monster
http://www.ontologyrepository.com/CommonCoreOntologies/Phoneme_z_Grapheme-x-ICE,x,Grapheme,N/A,N/A,Feed The Monster
http://www.ontologyrepository.com/CommonCoreOntologies/Phoneme_Ä_Grapheme-y-ICE,y,Grapheme,N/A,N/A,Feed The Monster
http://www.ontologyrepository.com/CommonCoreOntologies/Phoneme_y_Grapheme-y-ICE,y,Grapheme,N/A,N/A,Feed The Monster
http://www.ontologyrepository.com/CommonCoreOntologies/Phoneme_z_Grapheme-z-ICE,z,Grapheme,N/A,N/A,Feed The Monster
http://www.ontologyrepository.com/CommonCoreOntologies/Phoneme_ow_Grapheme-ou_e-ICE,ou_e,Grapheme,"http://www.ontologyrepository.com/CommonCoreOntologies/DiagraphPhoneme_ow_Grapheme-ou-ICE,http://www.ontologyrepository.com/CommonCoreOntologies/Phoneme_e_Grapheme-e-ICE http://www.ontologyrepository.com/CommonCoreOntologies/Phoneme_h_Grapheme-h-ICE","ou,e",Feed The Monster
http://www.ontologyrepository.com/CommonCoreOntologies/Phoneme_o_Grapheme-ough-ICE,ough,Grapheme,"http://www.ontologyrepository.com/CommonCoreOntologies/DiagraphPhoneme_ow_Grapheme-ou-ICE, http://www.ontologyrepository.com/CommonCoreOntologies/Phoneme_j_Grapheme-g-ICE, http://www.ontologyrepository.com/CommonCoreOntologies/Phoneme_h_Grapheme-h-ICE","ou,g,h",Feed The Monster
http://www.ontologyrepository.com/CommonCoreOntologies/Phoneme_Å_Grapheme-o_e-ICE,o_e,Grapheme,"http://www.ontologyrepository.com/CommonCoreOntologies/Phoneme_o_Grapheme-o-ICE,http://www.ontologyrepository.com/CommonCoreOntologies/Phoneme_e_Grapheme-e-ICE","o,e",Feed The Monster
http://www.ontologyrepository.com/CommonCoreOntologies/Phoneme_Ä_Grapheme-i_e-ICE,i_e,Grapheme,"http://www.ontologyrepository.com/CommonCoreOntologies/Phoneme_i_Grapheme-i-ICE, http://www.ontologyrepository.com/CommonCoreOntologies/Phoneme_e_Grapheme-e-ICE","I,e",Feed The Monster
http://www.ontologyrepository.com/CommonCoreOntologies/Phoneme_Ä_Grapheme-e_e-ICE,e_e,Grapheme,http://www.ontologyrepository.com/CommonCoreOntologies/Phoneme_e_Grapheme-e-ICE,e,Feed The Monster
http://www.ontologyrepository.com/CommonCoreOntologies/Phoneme_Å_Grapheme-u_e-ICE,u_e,Grapheme,"http://www.ontologyrepository.com/CommonCoreOntologies/Phoneme_ÅÅ_Grapheme-u-ICE, http://www.ontologyrepository.com/CommonCoreOntologies/Phoneme_e_Grapheme-e-ICE","u,e",Feed The Monster
http://www.ontologyrepository.com/CommonCoreOntologies/Phoneme_ÅÅ_Grapheme-u_e-ICE,u_e,Grapheme,"http://www.ontologyrepository.com/CommonCoreOntologies/Phoneme_ÅÅ_Grapheme-u-ICE, http://www.ontologyrepository.com/CommonCoreOntologies/Phoneme_e_Grapheme-e-ICE","u,e",Feed The Monster
http://www.ontologyrepository.com/CommonCoreOntologies/Phoneme_Ä_Grapheme-a_e-ICE,a_e,Grapheme,"http://www.ontologyrepository.com/CommonCoreOntologies/Phoneme_a_Grapheme-a-ICE,http://www.ontologyrepository.com/CommonCoreOntologies/Phoneme_e_Grapheme-e-ICE","a,e",Feed The Monster
http://www.ontologyrepository.com/CommonCoreOntologies/Morpheme_tree,tree,Morpheme,"http://www.ontologyrepository.com/CommonCoreOntologies/DiagraphGrapheme-tr-ICE, http://www.ontologyrepository.com/CommonCoreOntologies/DiagraphPhoneme_Ä_Grapheme-ee-ICE","tr,ee",Feed The Monster
http://www.ontologyrepository.com/CommonCoreOntologies/Morpheme_swipe,swipe,Morpheme,"http://www.ontologyrepository.com/CommonCoreOntologies/DiagraphGrapheme-sw-ICE, http://www.ontologyrepository.com/CommonCoreOntologies/TrigraphGrapheme-ipe-ICE","sw,ipe",Feed The Monster
http://www.ontologyrepository.com/CommonCoreOntologies/Morpheme_sweet,sweet,Morpheme,"http://www.ontologyrepository.com/CommonCoreOntologies/DiagraphGrapheme-sw-ICE, http://www.ontologyrepository.com/CommonCoreOntologies/TrigraphGrapheme-eet-ICE","sw,eet",Feed The Monster
http://www.ontologyrepository.com/CommonCoreOntologies/Morpheme_strobe,strobe,Morpheme,"http://www.ontologyrepository.com/CommonCoreOntologies/PhonemeGrapheme-str-ICE, http://www.ontologyrepository.com/CommonCoreOntologies/TrigraphGrapheme-obe-ICE","str,obe",Feed The Monster
http://www.ontologyrepository.com/CommonCoreOntologies/Morpheme_stale,stale,Morpheme,"http://www.ontologyrepository.com/CommonCoreOntologies/DiagraphGrapheme-st-ICE, http://www.ontologyrepository.com/CommonCoreOntologies/TrigraphGrapheme-ale-ICE","st,ale",Feed The Monster
http://www.ontologyrepository.com/CommonCoreOntologies/Morpheme_squeak,squeak,Morpheme,"http://www.ontologyrepository.com/CommonCoreOntologies/TrigraphGrapheme-squ-ICE, http://www.ontologyrepository.com/CommonCoreOntologies/TrigraphGrapheme-eak-ICE","squ, eak",Feed The Monster
http://www.ontologyrepository.com/CommonCoreOntologies/Morpheme_spoke,spoke,Morpheme,"http://www.ontologyrepository.com/CommonCoreOntologies/DiagraphGrapheme-sp-ICE, http://www.ontologyrepository.com/CommonCoreOntologies/TrigraphGrapheme-oke-ICE","sp,oke",Feed The Monster
http://www.ontologyrepository.com/CommonCoreOntologies/Morpheme_spine,spine,Morpheme,"http://www.ontologyrepository.com/CommonCoreOntologies/DiagraphGrapheme-sp-ICE, http://www.ontologyrepository.com/CommonCoreOntologies/TrigraphGrapheme-ine-ICE","sp,ine",Feed The Monster
http://www.ontologyrepository.com/CommonCoreOntologies/Morpheme_spike,spike,Morpheme,"http://www.ontologyrepository.com/CommonCoreOntologies/DiagraphGrapheme-sp-ICE, http://www.ontologyrepository.com/CommonCoreOntologies/TrigraphGrapheme-ike-ICE","sp,ike",Feed The Monster
http://www.ontologyrepository.com/CommonCoreOntologies/Morpheme_pride,pride,Morpheme,"http://www.ontologyrepository.com/CommonCoreOntologies/DiagraphGrapheme-pr-ICE, http://www.ontologyrepository.com/CommonCoreOntologies/TrigraphGrapheme-ide-ICE","pr,ide",Feed The Monster
http://www.ontologyrepository.com/CommonCoreOntologies/Morpheme_pleat,pleat,Morpheme,"http://www.ontologyrepository.com/CommonCoreOntologies/DiagraphGrapheme-pl-ICE,http://www.ontologyrepository.com/CommonCoreOntologies/TrigraphGrapheme-eat-ICE","pl,eat",Feed The Monster
http://www.ontologyrepository.com/CommonCoreOntologies/Morpheme_plane,plane,Morpheme,"http://www.ontologyrepository.com/CommonCoreOntologies/DiagraphGrapheme-pl-ICE, http://www.ontologyrepository.com/CommonCoreOntologies/TrigraphGrapheme-ane-ICE","pl,ane",Feed The Monster
http://www.ontologyrepository.com/CommonCoreOntologies/Morpheme_price,price,Morpheme,"http://www.ontologyrepository.com/CommonCoreOntologies/TrigraphGrapheme-ipe-ICE, http://www.ontologyrepository.com/CommonCoreOntologies/TrigraphGrapheme-ice-ICE","pr,ice",Feed The Monster
http://www.ontologyrepository.com/CommonCoreOntologies/Morpheme_grape,grape,Morpheme,"http://www.ontologyrepository.com/CommonCoreOntologies/DiagraphGrapheme-gr-ICE, http://www.ontologyrepository.com/CommonCoreOntologies/TrigraphGrapheme-ape-ICE","gr,ape",Feed The Monster
http://www.ontologyrepository.com/CommonCoreOntologies/Morpheme_glue,glue,Morpheme,"http://www.ontologyrepository.com/CommonCoreOntologies/DiagraphGrapheme-gl-ICE, http://www.ontologyrepository.com/CommonCoreOntologies/DiagraphGrapheme-ue-ICE","gl,ue",Feed The Monster
http://www.ontologyrepository.com/CommonCoreOntologies/Morpheme_globe,globe,Morpheme,"http://www.ontologyrepository.com/CommonCoreOntologies/DiagraphGrapheme-gl-ICE, http://www.ontologyrepository.com/CommonCoreOntologies/TrigraphGrapheme-obe-ICE","gl,obe",Feed The Monster
http://www.ontologyrepository.com/CommonCoreOntologies/Morpheme_frame,frame,Morpheme,"http://www.ontologyrepository.com/CommonCoreOntologies/DiagraphGrapheme-fr-ICE,http://www.ontologyrepository.com/CommonCoreOntologies/TrigraphGrapheme-ame-ICE","fr,ame",Feed The Monster
http://www.ontologyrepository.com/CommonCoreOntologies/Morpheme_flute,flute,Morpheme,"http://www.ontologyrepository.com/CommonCoreOntologies/DiagraphGrapheme-fl-ICE, http://www.ontologyrepository.com/CommonCoreOntologies/TrigraphGrapheme-ute-ICE","fl,ute",Feed The Monster
http://www.ontologyrepository.com/CommonCoreOntologies/Morpheme_crane,crane,Morpheme,"http://www.ontologyrepository.com/CommonCoreOntologies/DiagraphGrapheme-cr-ICE, http://www.ontologyrepository.com/CommonCoreOntologies/DiagraphGrapheme-cr-ICE","cr,ane",Feed The Monster
http://www.ontologyrepository.com/CommonCoreOntologies/Morpheme_clean,clean,Morpheme,"http://www.ontologyrepository.com/CommonCoreOntologies/DiagraphGrapheme-cl-ICE, http://www.ontologyrepository.com/CommonCoreOntologies/TrigraphGrapheme-ean-ICE","cl,ean",Feed The Monster
http://www.ontologyrepository.com/CommonCoreOntologies/Morpheme_brake,brake,Morpheme,"http://www.ontologyrepository.com/CommonCoreOntologies/DiagraphGrapheme-br-ICE, http://www.ontologyrepository.com/CommonCoreOntologies/TrigraphGrapheme-ake-ICE","br,ake",Feed The Monster
http://www.ontologyrepository.com/CommonCoreOntologies/Morpheme_blue,blue,Morpheme,"http://www.ontologyrepository.com/CommonCoreOntologies/DiagraphGrapheme-bl-ICE, http://www.ontologyrepository.com/CommonCoreOntologies/DiagraphGrapheme-ue-ICE","bl,ue",Feed The Monster
http://www.ontologyrepository.com/CommonCoreOntologies/Morpheme_bleak,bleak,Morpheme,"http://www.ontologyrepository.com/CommonCoreOntologies/DiagraphGrapheme-bl-ICE, http://www.ontologyrepository.com/CommonCoreOntologies/TrigraphGrapheme-eak-ICE","bl,eak",Feed The Monster
http://www.ontologyrepository.com/CommonCoreOntologies/Morpheme_blade,blade,Morpheme,"http://www.ontologyrepository.com/CommonCoreOntologies/DiagraphGrapheme-bl-ICE, http://www.ontologyrepository.com/CommonCoreOntologies/TrigraphGrapheme-ade-ICE","bl,ade",Feed The Monster
http://www.ontologyrepository.com/CommonCoreOntologies/Morpheme_zip,zip,Morpheme,"http://www.ontologyrepository.com/CommonCoreOntologies/Phoneme_z_Grapheme-z-ICE,http://www.ontologyrepository.com/CommonCoreOntologies/Phoneme_i_Grapheme-i-ICE,http://www.ontologyrepository.com/CommonCoreOntologies/Phoneme_p_Grapheme-p-ICE","z,I,p",Feed The Monster
http://www.ontologyrepository.com/CommonCoreOntologies/Morpheme_whine,whine,Morpheme,"http://www.ontologyrepository.com/CommonCoreOntologies/DiagraphPhoneme_wh_with-breath_Grapheme-wh-ICE, http://www.ontologyrepository.com/CommonCoreOntologies/TrigraphGrapheme-ine-ICE","wh,ine",Feed The Monster
http://www.ontologyrepository.com/CommonCoreOntologies/Morpheme_wheel,wheel,Morpheme,"http://www.ontologyrepository.com/CommonCoreOntologies/DiagraphPhoneme_wh_with-breath_Grapheme-wh-ICE, http://www.ontologyrepository.com/CommonCoreOntologies/TrigraphGrapheme-eel-ICE","wh,eel",Feed The Monster
http://www.ontologyrepository.com/CommonCoreOntologies/Morpheme_wheat,wheat,Morpheme,"http://www.ontologyrepository.com/CommonCoreOntologies/DiagraphPhoneme_wh_with-breath_Grapheme-wh-ICE, http://www.ontologyrepository.com/CommonCoreOntologies/TrigraphGrapheme-eat-ICE","wh,eat",Feed The Monster
http://www.ontologyrepository.com/CommonCoreOntologies/Morpheme_wet,wet,Morpheme,"http://www.ontologyrepository.com/CommonCoreOntologies/Phoneme_w_Grapheme-w-ICE,  http://www.ontologyrepository.com/CommonCoreOntologies/Phoneme_e_Grapheme-e-ICE, http://www.ontologyrepository.com/CommonCoreOntologies/Phoneme_t_Grapheme-t-ICE","w,e,t",Feed The Monster
http://www.ontologyrepository.com/CommonCoreOntologies/Morpheme_wed,wed,Morpheme,"http://www.ontologyrepository.com/CommonCoreOntologies/Phoneme_w_Grapheme-w-ICE,  http://www.ontologyrepository.com/CommonCoreOntologies/DiagraphPhoneme_d_Grapheme-ed-ICE","w,ed",Feed The Monster
http://www.ontologyrepository.com/CommonCoreOntologies/Morpheme_tug,tug,Morpheme,"http://www.ontologyrepository.com/CommonCoreOntologies/Phoneme_t_Grapheme-t-ICE, http://www.ontologyrepository.com/CommonCoreOntologies/Phoneme_u_Grapheme-u-ICE, http://www.ontologyrepository.com/CommonCoreOntologies/Phoneme_g_Grapheme-g-ICE","t,u,g",Feed The Monster
http://www.ontologyrepository.com/CommonCoreOntologies/Morpheme_top,top,Morpheme,"http://www.ontologyrepository.com/CommonCoreOntologies/Phoneme_t_Grapheme-t-ICE, http://www.ontologyrepository.com/CommonCoreOntologies/Phoneme_o_Grapheme-o-ICE, http://www.ontologyrepository.com/CommonCoreOntologies/Phoneme_p_Grapheme-p-ICE","t,o,p",Feed The Monster
http://www.ontologyrepository.com/CommonCoreOntologies/Morpheme_ten,ten,Morpheme,"http://www.ontologyrepository.com/CommonCoreOntologies/Phoneme_t_Grapheme-t-ICE, http://www.ontologyrepository.com/CommonCoreOntologies/Phoneme_e_Grapheme-e-ICE, http://www.ontologyrepository.com/CommonCoreOntologies/Phoneme_n_Grapheme-n-ICE","t,e,n",Feed The Monster
http://www.ontologyrepository.com/CommonCoreOntologies/Morpheme_ted,ted,Morpheme,"http://www.ontologyrepository.com/CommonCoreOntologies/Phoneme_t_Grapheme-t-ICE, http://www.ontologyrepository.com/CommonCoreOntologies/DiagraphPhoneme_d_Grapheme-ed-ICE","t,ed",Feed The Monster
http://www.ontologyrepository.com/CommonCoreOntologies/Morpheme_tan,tan,Morpheme,"http://www.ontologyrepository.com/CommonCoreOntologies/Phoneme_t_Grapheme-t-ICE, http://www.ontologyrepository.com/CommonCoreOntologies/Phoneme_a_Grapheme-a-ICE,http://www.ontologyrepository.com/CommonCoreOntologies/Phoneme_n_Grapheme-n-ICE","t,a,n",Feed The Monster
http://www.ontologyrepository.com/CommonCoreOntologies/Morpheme_tap,tap,Morpheme,"http://www.ontologyrepository.com/CommonCoreOntologies/Phoneme_t_Grapheme-t-ICE, http://www.ontologyrepository.com/CommonCoreOntologies/Phoneme_a_Grapheme-a-ICE, http://www.ontologyrepository.com/CommonCoreOntologies/Phoneme_p_Grapheme-p-ICE","t,a,p",Feed The Monster
http://www.ontologyrepository.com/CommonCoreOntologies/Morpheme_sheep,sheep,Morpheme,"http://www.ontologyrepository.com/CommonCoreOntologies/DiagraphPhoneme_sh_Grapheme-sh-ICE,http://www.ontologyrepository.com/CommonCoreOntologies/TrigraphGrapheme-eep-ICE","sh,eep",Feed The Monster
http://www.ontologyrepository.com/CommonCoreOntologies/Morpheme_shine,shine,Morpheme,"http://www.ontologyrepository.com/CommonCoreOntologies/DiagraphPhoneme_sh_Grapheme-sh-ICE, http://www.ontologyrepository.com/CommonCoreOntologies/TrigraphGrapheme-ine-ICE","sh,ine",Feed The Monster
http://www.ontologyrepository.com/CommonCoreOntologies/Morpheme_write,write,Morpheme,"http://www.ontologyrepository.com/CommonCoreOntologies/DiagraphPhoneme_r_Grapheme-wr-ICE, http://www.ontologyrepository.com/CommonCoreOntologies/TrigraphGrapheme-ite-ICE","wr,ite",Feed The Monster
http://www.ontologyrepository.com/CommonCoreOntologies/Morpheme_rode,rode,Morpheme,"http://www.ontologyrepository.com/CommonCoreOntologies/Phoneme_r_Grapheme-r-ICE, http://www.ontologyrepository.com/CommonCoreOntologies/TrigraphGrapheme-ode-ICE","r,ode",Feed The Monster
http://www.ontologyrepository.com/CommonCoreOntologies/Morpheme_rug,rug,Morpheme,"http://www.ontologyrepository.com/CommonCoreOntologies/Phoneme_r_Grapheme-r-ICE, http://www.ontologyrepository.com/CommonCoreOntologies/Phoneme_u_Grapheme-u-ICE, http://www.ontologyrepository.com/CommonCoreOntologies/Phoneme_t_Grapheme-t-ICE, http://www.ontologyrepository.com/CommonCoreOntologies/Phoneme_u_Grapheme-u-ICE, http://www.ontologyrepository.com/CommonCoreOntologies/Phoneme_g_Grapheme-g-ICE","r,u,g",Feed The Monster
http://www.ontologyrepository.com/CommonCoreOntologies/Morpheme_rut,rut,Morpheme,"http://www.ontologyrepository.com/CommonCoreOntologies/Phoneme_r_Grapheme-r-ICE, http://www.ontologyrepository.com/CommonCoreOntologies/Phoneme_u_Grapheme-u-ICE, http://www.ontologyrepository.com/CommonCoreOntologies/Phoneme_t_Grapheme-t-ICE","r,u,t",Feed The Monster
http://www.ontologyrepository.com/CommonCoreOntologies/Morpheme_pane,pane,Morpheme,"http://www.ontologyrepository.com/CommonCoreOntologies/Phoneme_p_Grapheme-p-ICE, http://www.ontologyrepository.com/CommonCoreOntologies/TrigraphGrapheme-ane-ICE","p,ane",Feed The Monster
http://www.ontologyrepository.com/CommonCoreOntologies/Morpheme_pox,pox,Morpheme,"http://www.ontologyrepository.com/CommonCoreOntologies/Phoneme_p_Grapheme-p-ICE, http://www.ontologyrepository.com/CommonCoreOntologies/Phoneme_o_Grapheme-o-ICE, http://www.ontologyrepository.com/CommonCoreOntologies/Phoneme_z_Grapheme-x-ICE","p,o,x",Feed The Monster
http://www.ontologyrepository.com/CommonCoreOntologies/Morpheme_pot,pot,Morpheme,"http://www.ontologyrepository.com/CommonCoreOntologies/Phoneme_p_Grapheme-p-ICE, http://www.ontologyrepository.com/CommonCoreOntologies/Phoneme_o_Grapheme-o-ICE, http://www.ontologyrepository.com/CommonCoreOntologies/Phoneme_t_Grapheme-t-ICE","p,o,t",Feed The Monster
http://www.ontologyrepository.com/CommonCoreOntologies/Morpheme_pit,pit,Morpheme,"http://www.ontologyrepository.com/CommonCoreOntologies/Phoneme_p_Grapheme-p-ICE, http://www.ontologyrepository.com/CommonCoreOntologies/Phoneme_i_Grapheme-i-ICE, http://www.ontologyrepository.com/CommonCoreOntologies/Phoneme_n_Grapheme-n-ICE,http://www.ontologyrepository.com/CommonCoreOntologies/Phoneme_t_Grapheme-t-ICE","p,i,t",Feed The Monster
http://www.ontologyrepository.com/CommonCoreOntologies/Morpheme_pin,pin,Morpheme,"http://www.ontologyrepository.com/CommonCoreOntologies/Phoneme_p_Grapheme-p-ICE, http://www.ontologyrepository.com/CommonCoreOntologies/Phoneme_i_Grapheme-i-ICE, http://www.ontologyrepository.com/CommonCoreOntologies/Phoneme_n_Grapheme-n-ICE","p,I,n",Feed The Monster
http://www.ontologyrepository.com/CommonCoreOntologies/Morpheme_pat,pat,Morpheme,"http://www.ontologyrepository.com/CommonCoreOntologies/Phoneme_p_Grapheme-p-ICE, http://www.ontologyrepository.com/CommonCoreOntologies/Phoneme_a_Grapheme-a-ICE,http://www.ontologyrepository.com/CommonCoreOntologies/Phoneme_t_Grapheme-t-ICE","p,a,t",Feed The Monster
http://www.ontologyrepository.com/CommonCoreOntologies/Morpheme_pan,pan,Morpheme,"http://www.ontologyrepository.com/CommonCoreOntologies/Phoneme_p_Grapheme-p-ICE, http://www.ontologyrepository.com/CommonCoreOntologies/Phoneme_a_Grapheme-a-ICE, http://www.ontologyrepository.com/CommonCoreOntologies/Phoneme_n_Grapheme-n-ICE","p, a, n",Feed The Monster
http://www.ontologyrepository.com/CommonCoreOntologies/Morpheme_nut,nut,Morpheme,"http://www.ontologyrepository.com/CommonCoreOntologies/Phoneme_n_Grapheme-n-ICE, http://www.ontologyrepository.com/CommonCoreOntologies/Phoneme_u_Grapheme-u-ICE, http://www.ontologyrepository.com/CommonCoreOntologies/Phoneme_t_Grapheme-t-ICE","n,u,t",Feed The Monster
http://www.ontologyrepository.com/CommonCoreOntologies/Morpheme_net,net,Morpheme,"http://www.ontologyrepository.com/CommonCoreOntologies/Phoneme_n_Grapheme-n-ICE, http://www.ontologyrepository.com/CommonCoreOntologies/Phoneme_e_Grapheme-e-ICE, http://www.ontologyrepository.com/CommonCoreOntologies/Phoneme_t_Grapheme-t-ICE","n,e,t",Feed The Monster
http://www.ontologyrepository.com/CommonCoreOntologies/Morpheme_nit,nit,Morpheme,"http://www.ontologyrepository.com/CommonCoreOntologies/Phoneme_n_Grapheme-n-ICE, http://www.ontologyrepository.com/CommonCoreOntologies/Phoneme_a_Grapheme-a-ICE, http://www.ontologyrepository.com/CommonCoreOntologies/Phoneme_p_Grapheme-p-ICE, http://www.ontologyrepository.com/CommonCoreOntologies/Phoneme_i_Grapheme-i-ICE,http://www.ontologyrepository.com/CommonCoreOntologies/Phoneme_t_Grapheme-t-ICE","n,I,t",Feed The Monster
http://www.ontologyrepository.com/CommonCoreOntologies/Morpheme_nap,nap,Morpheme,"http://www.ontologyrepository.com/CommonCoreOntologies/Phoneme_n_Grapheme-n-ICE, http://www.ontologyrepository.com/CommonCoreOntologies/Phoneme_a_Grapheme-a-ICE, http://www.ontologyrepository.com/CommonCoreOntologies/Phoneme_p_Grapheme-p-ICE","n,a,p",Feed The Monster
http://www.ontologyrepository.com/CommonCoreOntologies/Morpheme_mop,mop,Morpheme,"http://www.ontologyrepository.com/CommonCoreOntologies/Phoneme_m_Grapheme-m-ICE, http://www.ontologyrepository.com/CommonCoreOntologies/Phoneme_o_Grapheme-o-ICE, http://www.ontologyrepository.com/CommonCoreOntologies/Phoneme_p_Grapheme-p-ICE","m,o,p",Feed The Monster
http://www.ontologyrepository.com/CommonCoreOntologies/Morpheme_mat,mat,Morpheme,"http://www.ontologyrepository.com/CommonCoreOntologies/Phoneme_m_Grapheme-m-ICE, http://www.ontologyrepository.com/CommonCoreOntologies/Phoneme_a_Grapheme-a-ICE, http://www.ontologyrepository.com/CommonCoreOntologies/Phoneme_t_Grapheme-t-ICE","m,a,t",Feed The Monster
http://www.ontologyrepository.com/CommonCoreOntologies/Morpheme_map,map,Morpheme,"http://www.ontologyrepository.com/CommonCoreOntologies/Phoneme_m_Grapheme-m-ICE, http://www.ontologyrepository.com/CommonCoreOntologies/Phoneme_a_Grapheme-a-ICE, http://www.ontologyrepository.com/CommonCoreOntologies/Phoneme_m_Grapheme-m-ICE , http://www.ontologyrepository.com/CommonCoreOntologies/Phoneme_a_Grapheme-a-ICE,http://www.ontologyrepository.com/CommonCoreOntologies/Phoneme_p_Grapheme-p-ICE","m,a,p",Feed The Monster
http://www.ontologyrepository.com/CommonCoreOntologies/Morpheme_lit,lit,Morpheme,"http://www.ontologyrepository.com/CommonCoreOntologies/Phoneme_l_Grapheme-l-ICE, http://www.ontologyrepository.com/CommonCoreOntologies/Phoneme_i_Grapheme-i-ICE, http://www.ontologyrepository.com/CommonCoreOntologies/Phoneme_p_Grapheme-p-ICE,http://www.ontologyrepository.com/CommonCoreOntologies/Phoneme_i_Grapheme-i-ICE,http://www.ontologyrepository.com/CommonCoreOntologies/Phoneme_t_Grapheme-t-ICE","l,i,t",Feed The Monster
http://www.ontologyrepository.com/CommonCoreOntologies/Morpheme_lip,lip,Morpheme,"http://www.ontologyrepository.com/CommonCoreOntologies/Phoneme_l_Grapheme-l-ICE, http://www.ontologyrepository.com/CommonCoreOntologies/Phoneme_i_Grapheme-i-ICE, http://www.ontologyrepository.com/CommonCoreOntologies/Phoneme_p_Grapheme-p-ICE","l,I,p",Feed The Monster
http://www.ontologyrepository.com/CommonCoreOntologies/Morpheme_cut,cut,Morpheme,"http://www.ontologyrepository.com/CommonCoreOntologies/Phoneme_k_Grapheme-c-ICE, http://www.ontologyrepository.com/CommonCoreOntologies/Phoneme_u_Grapheme-u-ICE, http://www.ontologyrepository.com/CommonCoreOntologies/Phoneme_b_Grapheme-b-ICE, http://www.ontologyrepository.com/CommonCoreOntologies/Phoneme_t_Grapheme-t-ICE","c,u,t",Feed The Monster
http://www.ontologyrepository.com/CommonCoreOntologies/Morpheme_cub,cub,Morpheme,"http://www.ontologyrepository.com/CommonCoreOntologies/Phoneme_k_Grapheme-c-ICE, http://www.ontologyrepository.com/CommonCoreOntologies/Phoneme_u_Grapheme-u-ICE, http://www.ontologyrepository.com/CommonCoreOntologies/Phoneme_b_Grapheme-b-ICE","c,u,b",Feed The Monster
http://www.ontologyrepository.com/CommonCoreOntologies/Morpheme_can,can,Morpheme,"http://www.ontologyrepository.com/CommonCoreOntologies/Phoneme_k_Grapheme-c-ICE, http://www.ontologyrepository.com/CommonCoreOntologies/Phoneme_a_Grapheme-a-ICE, http://www.ontologyrepository.com/CommonCoreOntologies/Phoneme_p_Grapheme-p-ICE, http://www.ontologyrepository.com/CommonCoreOntologies/Phoneme_a_Grapheme-a-ICE, http://www.ontologyrepository.com/CommonCoreOntologies/Phoneme_n_Grapheme-n-ICE","c,a,n",Feed The Monster
http://www.ontologyrepository.com/CommonCoreOntologies/Morpheme_cap,cap,Morpheme,"http://www.ontologyrepository.com/CommonCoreOntologies/Phoneme_k_Grapheme-c-ICE, http://www.ontologyrepository.com/CommonCoreOntologies/Phoneme_a_Grapheme-a-ICE, http://www.ontologyrepository.com/CommonCoreOntologies/Phoneme_p_Grapheme-p-ICE","c,a,p",Feed The Monster
http://www.ontologyrepository.com/CommonCoreOntologies/Morpheme_cute,cute,Morpheme,"http://www.ontologyrepository.com/CommonCoreOntologies/Phoneme_k_Grapheme-c-ICE , http://www.ontologyrepository.com/CommonCoreOntologies/TrigraphGrapheme-ute-ICE","c,ute",Feed The Monster
http://www.ontologyrepository.com/CommonCoreOntologies/Morpheme_cat,cat,Morpheme,"http://www.ontologyrepository.com/CommonCoreOntologies/Phoneme_k_Grapheme-c-ICE , http://www.ontologyrepository.com/CommonCoreOntologies/Phoneme_a_Grapheme-a-ICE ,http://www.ontologyrepository.com/CommonCoreOntologies/Phoneme_a_Grapheme-a-ICE","c,a,t",Feed The Monster
http://www.ontologyrepository.com/CommonCoreOntologies/Morpheme_jet,jet,Morpheme,"http://www.ontologyrepository.com/CommonCoreOntologies/Phoneme_j_Grapheme-j-ICE, http://www.ontologyrepository.com/CommonCoreOntologies/Phoneme_e_Grapheme-e-ICE, http://www.ontologyrepository.com/CommonCoreOntologies/Phoneme_t_Grapheme-t-ICE","j,e,t",Feed The Monster
http://www.ontologyrepository.com/CommonCoreOntologies/Morpheme_it,it,Morpheme,"http://www.ontologyrepository.com/CommonCoreOntologies/Phoneme_i_Grapheme-i-ICE, http://www.ontologyrepository.com/CommonCoreOntologies/Phoneme_t_Grapheme-t-ICE","I,t",Feed The Monster
http://www.ontologyrepository.com/CommonCoreOntologies/Morpheme_if,if,Morpheme,"http://www.ontologyrepository.com/CommonCoreOntologies/Phoneme_i_Grapheme-i-ICE, http://www.ontologyrepository.com/CommonCoreOntologies/Phoneme_f_Grapheme-f-ICE","I,f",Feed The Monster
http://www.ontologyrepository.com/CommonCoreOntologies/Morpheme_home,home,Morpheme,"http://www.ontologyrepository.com/CommonCoreOntologies/Phoneme_h_Grapheme-h-ICE, http://www.ontologyrepository.com/CommonCoreOntologies/Phoneme_o_Grapheme-o-ICE, http://www.ontologyrepository.com/CommonCoreOntologies/Phoneme_p_Grapheme-p-ICE, http://www.ontologyrepository.com/CommonCoreOntologies/TrigraphGrapheme-ome-ICE","h,ome",Feed The Monster
http://www.ontologyrepository.com/CommonCoreOntologies/Morpheme_hop,hop,Morpheme,"http://www.ontologyrepository.com/CommonCoreOntologies/Phoneme_h_Grapheme-h-ICE, http://www.ontologyrepository.com/CommonCoreOntologies/Phoneme_o_Grapheme-o-ICE, http://www.ontologyrepository.com/CommonCoreOntologies/Phoneme_p_Grapheme-p-ICE","h,o,p",Feed The Monster
http://www.ontologyrepository.com/CommonCoreOntologies/Morpheme_get,get,Morpheme,"http://www.ontologyrepository.com/CommonCoreOntologies/Phoneme_g_Grapheme-g-ICE, http://www.ontologyrepository.com/CommonCoreOntologies/Phoneme_e_Grapheme-e-ICE, http://www.ontologyrepository.com/CommonCoreOntologies/Phoneme_t_Grapheme-t-ICE","g,e,t",Feed The Monster
http://www.ontologyrepository.com/CommonCoreOntologies/Morpheme_fume,fume,Morpheme,"http://www.ontologyrepository.com/CommonCoreOntologies/Phoneme_f_Grapheme-f-ICE, http://www.ontologyrepository.com/CommonCoreOntologies/TrigraphGrapheme-ume-ICE","f,ume",Feed The Monster
http://www.ontologyrepository.com/CommonCoreOntologies/Morpheme_fox,fox,Morpheme,"http://www.ontologyrepository.com/CommonCoreOntologies/Phoneme_f_Grapheme-f-ICE, http://www.ontologyrepository.com/CommonCoreOntologies/Phoneme_i_Grapheme-i-ICE, http://www.ontologyrepository.com/CommonCoreOntologies/Phoneme_n_Grapheme-n-ICE, http://www.ontologyrepository.com/CommonCoreOntologies/Phoneme_o_Grapheme-o-ICE, http://www.ontologyrepository.com/CommonCoreOntologies/Phoneme_z_Grapheme-x-ICE","f,o,x",Feed The Monster
http://www.ontologyrepository.com/CommonCoreOntologies/Morpheme_fin,fin,Morpheme,"http://www.ontologyrepository.com/CommonCoreOntologies/Phoneme_f_Grapheme-f-ICE, http://www.ontologyrepository.com/CommonCoreOntologies/Phoneme_i_Grapheme-i-ICE, http://www.ontologyrepository.com/CommonCoreOntologies/Phoneme_n_Grapheme-n-ICE","f,I,n",Feed The Monster
http://www.ontologyrepository.com/CommonCoreOntologies/Morpheme_den,den,Morpheme,"http://www.ontologyrepository.com/CommonCoreOntologies/Phoneme_d_Grapheme-d-ICE, http://www.ontologyrepository.com/CommonCoreOntologies/Phoneme_o_Grapheme-o-ICE, http://www.ontologyrepository.com/CommonCoreOntologies/Phoneme_g_Grapheme-g-ICE, http://www.ontologyrepository.com/CommonCoreOntologies/Phoneme_e_Grapheme-e-ICE, http://www.ontologyrepository.com/CommonCoreOntologies/Phoneme_n_Grapheme-n-ICE","d,e,n",Feed The Monster
http://www.ontologyrepository.com/CommonCoreOntologies/Morpheme_dog,dog,Morpheme,"http://www.ontologyrepository.com/CommonCoreOntologies/Phoneme_d_Grapheme-d-ICE, http://www.ontologyrepository.com/CommonCoreOntologies/Phoneme_o_Grapheme-o-ICE, http://www.ontologyrepository.com/CommonCoreOntologies/Phoneme_g_Grapheme-g-ICE","d,o,g",Feed The Monster
http://www.ontologyrepository.com/CommonCoreOntologies/Morpheme_chide,chide,Morpheme,"http://www.ontologyrepository.com/CommonCoreOntologies/DiagraphPhoneme_ch_Grapheme-ch-ICE,http://www.ontologyrepository.com/CommonCoreOntologies/TrigraphGrapheme-ide-ICE","ch,ide",Feed The Monster
http://www.ontologyrepository.com/CommonCoreOntologies/Morpheme_box,box,Morpheme,"http://www.ontologyrepository.com/CommonCoreOntologies/Phoneme_b_Grapheme-b-ICE, http://www.ontologyrepository.com/CommonCoreOntologies/Phoneme_u_Grapheme-u-ICE, http://www.ontologyrepository.com/CommonCoreOntologies/Phoneme_g_Grapheme-g-ICE, http://www.ontologyrepository.com/CommonCoreOntologies/Phoneme_o_Grapheme-o-ICE, http://www.ontologyrepository.com/CommonCoreOntologies/Phoneme_z_Grapheme-x-ICE","b,o,x",Feed The Monster
http://www.ontologyrepository.com/CommonCoreOntologies/Morpheme_bug,bug,Morpheme,"http://www.ontologyrepository.com/CommonCoreOntologies/Phoneme_b_Grapheme-b-ICE, http://www.ontologyrepository.com/CommonCoreOntologies/Phoneme_u_Grapheme-u-ICE, http://www.ontologyrepository.com/CommonCoreOntologies/Phoneme_g_Grapheme-g-ICE","b,u,g",Feed The Monster
http://www.ontologyrepository.com/CommonCoreOntologies/Morpheme_bit,bit,Morpheme,"http://www.ontologyrepository.com/CommonCoreOntologies/Phoneme_b_Grapheme-b-ICE, http://www.ontologyrepository.com/CommonCoreOntologies/Phoneme_i_Grapheme-i-ICE, http://www.ontologyrepository.com/CommonCoreOntologies/Phoneme_t_Grapheme-t-ICE","b,I,t",Feed The Monster
http://www.ontologyrepository.com/CommonCoreOntologies/Morpheme_queen,queen,Morpheme,"http://www.ontologyrepository.com/CommonCoreOntologies/DiagraphGrapheme-qu-ICE, http://www.ontologyrepository.com/CommonCoreOntologies/DiagraphPhoneme_Ä_Grapheme-ee-ICE, http://www.ontologyrepository.com/CommonCoreOntologies/Phoneme_n_Grapheme-n-ICE","qu,ee,n",U After Q
http://www.ontologyrepository.com/CommonCoreOntologies/Morpheme_square,square,Morpheme,"http://www.ontologyrepository.com/CommonCoreOntologies/TrigraphGrapheme-squ-ICE, http://www.ontologyrepository.com/CommonCoreOntologies/TrigraphPhoneme_Är__Grapheme-are-ICE","squ,are",U After Q
http://www.ontologyrepository.com/CommonCoreOntologies/Morpheme_quack,quack,Morpheme,"http://www.ontologyrepository.com/CommonCoreOntologies/DiagraphGrapheme-qu-ICE,http://www.ontologyrepository.com/CommonCoreOntologies/Phoneme_a_Grapheme-a-ICE,http://www.ontologyrepository.com/CommonCoreOntologies/DiagraphPhoneme_k_Grapheme-ck-ICE","qu,a,ck",U After Q
http://www.ontologyrepository.com/CommonCoreOntologies/TrigraphGrapheme-str-ICE,str,Trigraph,"http://www.ontologyrepository.com/CommonCoreOntologies/DiagraphGrapheme-st-ICE, http://www.ontologyrepository.com/CommonCoreOntologies/Phoneme_r_Grapheme-r-ICE","st,r",Feed The Monster
http://www.ontologyrepository.com/CommonCoreOntologies/TrigraphPhoneme_k_Grapheme-que-ICE,que,Trigraph,"http://www.ontologyrepository.com/CommonCoreOntologies/DiagraphGrapheme-qu-ICE, http://www.ontologyrepository.com/CommonCoreOntologies/Phoneme_e_Grapheme-e-ICE","qu,e",Feed The Monster
http://www.ontologyrepository.com/CommonCoreOntologies/TrigraphGrapheme-ite-ICE,ite,Trigraph,"http://www.ontologyrepository.com/CommonCoreOntologies/DiagraphGrapheme-it-ICE, http://www.ontologyrepository.com/CommonCoreOntologies/Phoneme_e_Grapheme-e-ICE","It,e",Feed The Monster
http://www.ontologyrepository.com/CommonCoreOntologies/TrigraphGrapheme-ipe-ICE,ipe,Trigraph,"http://www.ontologyrepository.com/CommonCoreOntologies/DiagraphGrapheme-ip-ICE,http://www.ontologyrepository.com/CommonCoreOntologies/Phoneme_e_Grapheme-e-ICE","ip,e",Feed The Monster
http://www.ontologyrepository.com/CommonCoreOntologies/TrigraphGrapheme-ine-ICE,ine,Trigraph,"http://www.ontologyrepository.com/CommonCoreOntologies/DiagraphGrapheme-in-ICE, http://www.ontologyrepository.com/CommonCoreOntologies/Phoneme_e_Grapheme-e-ICE","in,e",Feed The Monster
http://www.ontologyrepository.com/CommonCoreOntologies/TrigraphGrapheme-ape-ICE,ape,Trigraph,"http://www.ontologyrepository.com/CommonCoreOntologies/DiagraphGrapheme-ap-ICE, http://www.ontologyrepository.com/CommonCoreOntologies/Phoneme_e_Grapheme-e-ICE","ap,e",Feed The Monster
http://www.ontologyrepository.com/CommonCoreOntologies/TrigraphGrapheme-ane-ICE,ane,Trigraph,"http://www.ontologyrepository.com/CommonCoreOntologies/DiagraphGrapheme-an-ICE, http://www.ontologyrepository.com/CommonCoreOntologies/Phoneme_e_Grapheme-e-ICE","an,e",Feed The Monster
http://www.ontologyrepository.com/CommonCoreOntologies/TrigraphGrapheme-ade-ICE,ade,Trigraph,"http://www.ontologyrepository.com/CommonCoreOntologies/DiagraphGrapheme-ad-ICE, http://www.ontologyrepository.com/CommonCoreOntologies/Phoneme_e_Grapheme-e-ICE","ad,e",Feed The Monster
http://www.ontologyrepository.com/CommonCoreOntologies/TrigraphPhoneme_ir__Grapheme-irr-ICE,irr,Trigraph,"http://www.ontologyrepository.com/CommonCoreOntologies/DiagraphPhoneme_ur__Grapheme-ir-ICE,  http://www.ontologyrepository.com/CommonCoreOntologies/Phoneme_r_Grapheme-r-ICE","ir,r",Feed The Monster
http://www.ontologyrepository.com/CommonCoreOntologies/TrigraphPhoneme_ir__Grapheme-ere-ICE,ere,Trigraph,"http://www.ontologyrepository.com/CommonCoreOntologies/DiagraphPhoneme_ur__Grapheme-er-ICE,http://www.ontologyrepository.com/CommonCoreOntologies/Phoneme_e_Grapheme-e-ICE","er,e",Feed The Monster
http://www.ontologyrepository.com/CommonCoreOntologies/TrigraphGrapheme-ute-ICE,ute,Trigraph,"http://www.ontologyrepository.com/CommonCoreOntologies/Phoneme_u_Grapheme-u-ICE,http://www.ontologyrepository.com/CommonCoreOntologies/Phoneme_t_Grapheme-t-ICE,http://www.ontologyrepository.com/CommonCoreOntologies/Phoneme_e_Grapheme-e-ICE","u,t,e",Feed The Monster
http://www.ontologyrepository.com/CommonCoreOntologies/TrigraphGrapheme-use-ICE,use,Trigraph,"http://www.ontologyrepository.com/CommonCoreOntologies/Phoneme_u_Grapheme-u-ICE,http://www.ontologyrepository.com/CommonCoreOntologies/Phoneme_s_Grapheme-s-ICE,http://www.ontologyrepository.com/CommonCoreOntologies/Phoneme_e_Grapheme-e-ICE","u,s,e",Feed The Monster
http://www.ontologyrepository.com/CommonCoreOntologies/TrigraphGrapheme-une-ICE,une,Trigraph,"http://www.ontologyrepository.com/CommonCoreOntologies/Phoneme_u_Grapheme-u-ICE,http://www.ontologyrepository.com/CommonCoreOntologies/Phoneme_n_Grapheme-n-ICE,http://www.ontologyrepository.com/CommonCoreOntologies/Phoneme_e_Grapheme-e-ICE","u,n,e",Feed The Monster
http://www.ontologyrepository.com/CommonCoreOntologies/TrigraphGrapheme-ume-ICE,ume,Trigraph,"http://www.ontologyrepository.com/CommonCoreOntologies/Phoneme_u_Grapheme-u-ICE,http://www.ontologyrepository.com/CommonCoreOntologies/Phoneme_m_Grapheme-m-ICE,http://www.ontologyrepository.com/CommonCoreOntologies/Phoneme_e_Grapheme-e-ICE","u,m,e",Feed The Monster
http://www.ontologyrepository.com/CommonCoreOntologies/TrigraphGrapheme-ule-ICE,ule,Trigraph,"http://www.ontologyrepository.com/CommonCoreOntologies/Phoneme_u_Grapheme-u-ICE, http://www.ontologyrepository.com/CommonCoreOntologies/Phoneme_l_Grapheme-l-ICE,http://www.ontologyrepository.com/CommonCoreOntologies/Phoneme_e_Grapheme-e-ICE","u,l,e",Feed The Monster
http://www.ontologyrepository.com/CommonCoreOntologies/TrigraphPhoneme_ch_Grapheme-tch-ICE,tch,Trigraph,"http://www.ontologyrepository.com/CommonCoreOntologies/Phoneme_t_Grapheme-t-ICE,http://www.ontologyrepository.com/CommonCoreOntologies/DiagraphPhoneme_ch_Grapheme-ch-ICE","t,ch",Feed The Monster
http://www.ontologyrepository.com/CommonCoreOntologies/TrigraphGrapheme-shr-ICE,shr,Trigraph,"http://www.ontologyrepository.com/CommonCoreOntologies/DiagraphPhoneme_sh_Grapheme-sh-ICE,http://www.ontologyrepository.com/CommonCoreOntologies/Phoneme_r_Grapheme-r-ICE","sh ,r",Feed The Monster
http://www.ontologyrepository.com/CommonCoreOntologies/TrigraphGrapheme-squ-ICE,squ,Trigraph,"http://www.ontologyrepository.com/CommonCoreOntologies/Phoneme_s_Grapheme-s-ICE, http://www.ontologyrepository.com/CommonCoreOntologies/DiagraphGrapheme-qu-ICE","s,qu",Feed The Monster
http://www.ontologyrepository.com/CommonCoreOntologies/TrigraphPhoneme_or__Grapheme-ore-ICE,ore,Trigraph,"http://www.ontologyrepository.com/CommonCoreOntologies/DiagraphPhoneme_or__Grapheme-or-ICE,http://www.ontologyrepository.com/CommonCoreOntologies/Phoneme_e_Grapheme-e-ICE","or,e",Feed The Monster
http://www.ontologyrepository.com/CommonCoreOntologies/TrigraphPhoneme_or__Grapheme-oor-ICE,oor,Trigraph,"http://www.ontologyrepository.com/CommonCoreOntologies/DiagraphPhoneme_oo_Grapheme-oo-ICE,http://www.ontologyrepository.com/CommonCoreOntologies/Phoneme_r_Grapheme-r-ICE","oo,r",Feed The Monster
http://www.ontologyrepository.com/CommonCoreOntologies/TrigraphPhoneme_oo_Grapheme-oul-ICE,oul,Trigraph,"http://www.ontologyrepository.com/CommonCoreOntologies/Phoneme_o_Grapheme-o-ICE, http://www.ontologyrepository.com/CommonCoreOntologies/Phoneme_oo_Grapheme-u-ICE,http://www.ontologyrepository.com/CommonCoreOntologies/Phoneme_l_Grapheme-l-ICE","o,u,l",Feed The Monster
http://www.ontologyrepository.com/CommonCoreOntologies/TrigraphGrapheme-ome-ICE,ome,Trigraph,"http://www.ontologyrepository.com/CommonCoreOntologies/Phoneme_o_Grapheme-o-ICE, http://www.ontologyrepository.com/CommonCoreOntologies/Phoneme_m_Grapheme-m-ICE,http://www.ontologyrepository.com/CommonCoreOntologies/Phoneme_e_Grapheme-e-ICE","o,m,e",Feed The Monster
http://www.ontologyrepository.com/CommonCoreOntologies/TrigraphGrapheme-oke-ICE,oke,Trigraph,"http://www.ontologyrepository.com/CommonCoreOntologies/Phoneme_o_Grapheme-o-ICE, http://www.ontologyrepository.com/CommonCoreOntologies/Phoneme_k_Grapheme-k-ICE,http://www.ontologyrepository.com/CommonCoreOntologies/Phoneme_e_Grapheme-e-ICE","o,k,e",Feed The Monster
http://www.ontologyrepository.com/CommonCoreOntologies/TrigraphGrapheme-ode-ICE,ode,Trigraph,"http://www.ontologyrepository.com/CommonCoreOntologies/Phoneme_o_Grapheme-o-ICE, http://www.ontologyrepository.com/CommonCoreOntologies/Phoneme_d_Grapheme-d-ICE,http://www.ontologyrepository.com/CommonCoreOntologies/Phoneme_e_Grapheme-e-ICE","o,d,e",Feed The Monster
http://www.ontologyrepository.com/CommonCoreOntologies/TrigraphGrapheme-obe-ICE,obe,Trigraph,"http://www.ontologyrepository.com/CommonCoreOntologies/Phoneme_o_Grapheme-o-ICE, http://www.ontologyrepository.com/CommonCoreOntologies/Phoneme_b_Grapheme-b-ICE,http://www.ontologyrepository.com/CommonCoreOntologies/Phoneme_e_Grapheme-e-ICE","o,b,e",Feed The Monster
http://www.ontologyrepository.com/CommonCoreOntologies/TrigraphGrapheme-ice-ICE,ice,Trigraph,"http://www.ontologyrepository.com/CommonCoreOntologies/Phoneme_i_Grapheme-i-ICE, http://www.ontologyrepository.com/CommonCoreOntologies/DiagraphPhoneme_s_Grapheme-ce-ICE","I,ce",Feed The Monster
http://www.ontologyrepository.com/CommonCoreOntologies/TrigraphGrapheme-ike-ICE,ike,Trigraph,"http://www.ontologyrepository.com/CommonCoreOntologies/Phoneme_i_Grapheme-i-ICE, http://www.ontologyrepository.com/CommonCoreOntologies/Phoneme_k_Grapheme-k-ICE,http://www.ontologyrepository.com/CommonCoreOntologies/Phoneme_e_Grapheme-e-ICE","I,k,e",Feed The Monster
http://www.ontologyrepository.com/CommonCoreOntologies/TrigraphPhoneme_Ä_Grapheme-igh-ICE,igh,Trigraph,"http://www.ontologyrepository.com/CommonCoreOntologies/Phoneme_i_Grapheme-i-ICE, http://www.ontologyrepository.com/CommonCoreOntologies/Phoneme_j_Grapheme-g-ICE,http://www.ontologyrepository.com/CommonCoreOntologies/Phoneme_h_Grapheme-h-ICE","I,g,h",Feed The Monster
http://www.ontologyrepository.com/CommonCoreOntologies/TrigraphGrapheme-ide-ICE,ide,Trigraph,"http://www.ontologyrepository.com/CommonCoreOntologies/Phoneme_i_Grapheme-i-ICE, http://www.ontologyrepository.com/CommonCoreOntologies/Phoneme_d_Grapheme-d-ICE, http://www.ontologyrepository.com/CommonCoreOntologies/Phoneme_e_Grapheme-e-ICE","I,d,e",Feed The Monster
http://www.ontologyrepository.com/CommonCoreOntologies/TrigraphGrapheme-eak-ICE,eak,Trigraph,"http://www.ontologyrepository.com/CommonCoreOntologies/Phoneme_e_Grapheme-e-IB, http://www.ontologyrepository.com/CommonCoreOntologies/Phoneme_a_Grapheme-a-ICE,http://www.ontologyrepository.com/CommonCoreOntologies/Phoneme_k_Grapheme-k-ICE","a,k,e",Feed The Monster
http://www.ontologyrepository.com/CommonCoreOntologies/TrigraphPhoneme_j_Grapheme-dge-ICE,dge,Trigraph,"http://www.ontologyrepository.com/CommonCoreOntologies/Phoneme_d_Grapheme-d-ICE, http://www.ontologyrepository.com/CommonCoreOntologies/Phoneme_g_Grapheme-g-ICE,http://www.ontologyrepository.com/CommonCoreOntologies/Phoneme_e_Grapheme-e-ICE","d,g,e",Feed The Monster
http://www.ontologyrepository.com/CommonCoreOntologies/TrigraphPhoneme_Är__Grapheme-are-ICE,are,Trigraph,"http://www.ontologyrepository.com/CommonCoreOntologies/DiagraphPhoneme_ar__Grapheme-ar-ICE, http://www.ontologyrepository.com/CommonCoreOntologies/Phoneme_e_Grapheme-e-ICE","ar,e",Feed The Monster
http://www.ontologyrepository.com/CommonCoreOntologies/Phoneme_ow_Grapheme-oow-ICE,oow,Trigraph,"http://www.ontologyrepository.com/CommonCoreOntologies/DiagraphPhoneme_ÅÅ_Grapheme-oo-ICE,http://www.ontologyrepository.com/CommonCoreOntologies/Phoneme_w_Grapheme-w-ICE","oo,w",Feed The Monster
http://www.ontologyrepository.com/CommonCoreOntologies/TrigraphGrapheme-eet-ICE,eet,Trigraph,"http://www.ontologyrepository.com/CommonCoreOntologies/DiagraphPhoneme_Ä_Grapheme-ee-ICE,http://www.ontologyrepository.com/CommonCoreOntologies/Phoneme_t_Grapheme-t-ICE","ee,t",Feed The Monster
http://www.ontologyrepository.com/CommonCoreOntologies/TrigraphPhoneme_ir__Grapheme-eer-ICE,eer,Trigraph,"http://www.ontologyrepository.com/CommonCoreOntologies/DiagraphPhoneme_Ä_Grapheme-ee-ICE,http://www.ontologyrepository.com/CommonCoreOntologies/Phoneme_r_Grapheme-r-ICE","ee,r",Feed The Monster
http://www.ontologyrepository.com/CommonCoreOntologies/TrigraphGrapheme-eep-ICE,eep,Trigraph,"http://www.ontologyrepository.com/CommonCoreOntologies/DiagraphPhoneme_Ä_Grapheme-ee-ICE,http://www.ontologyrepository.com/CommonCoreOntologies/Phoneme_p_Grapheme-p-ICE","ee,p",Feed The Monster
http://www.ontologyrepository.com/CommonCoreOntologies/TrigraphGrapheme-eel-ICE,eel,Trigraph,"http://www.ontologyrepository.com/CommonCoreOntologies/DiagraphPhoneme_Ä_Grapheme-ee-ICE,http://www.ontologyrepository.com/CommonCoreOntologies/Phoneme_l_Grapheme-l-ICE","ee,l",Feed The Monster
http://www.ontologyrepository.com/CommonCoreOntologies/TrigraphGrapheme-eat-ICE,eat,Trigraph,"http://www.ontologyrepository.com/CommonCoreOntologies/DiagraphPhoneme_Ä_Grapheme-ea-ICE,http://www.ontologyrepository.com/CommonCoreOntologies/Phoneme_t_Grapheme-t-ICE","ea,t",Feed The Monster
http://www.ontologyrepository.com/CommonCoreOntologies/TrigraphPhoneme_Är__Grapheme-ear-ICE,ear,Trigraph,"http://www.ontologyrepository.com/CommonCoreOntologies/DiagraphPhoneme_Ä_Grapheme-ea-ICE,http://www.ontologyrepository.com/CommonCoreOntologies/Phoneme_r_Grapheme-r-ICE","ea,r",Feed The Monster
http://www.ontologyrepository.com/CommonCoreOntologies/TrigraphPhoneme_ur__Grapheme-ear-ICE,ear,Trigraph,"http://www.ontologyrepository.com/CommonCoreOntologies/DiagraphPhoneme_Ä_Grapheme-ea-ICE,http://www.ontologyrepository.com/CommonCoreOntologies/Phoneme_r_Grapheme-r-ICE","ea,r",Feed The Monster
http://www.ontologyrepository.com/CommonCoreOntologies/TrigraphGrapheme-eap-ICE,eap,Trigraph,"http://www.ontologyrepository.com/CommonCoreOntologies/DiagraphPhoneme_Ä_Grapheme-ea-ICE, http://www.ontologyrepository.com/CommonCoreOntologies/Phoneme_p_Grapheme-p-ICE","ea,p",Feed The Monster
http://www.ontologyrepository.com/CommonCoreOntologies/TrigraphGrapheme-ean-ICE,ean,Trigraph,"http://www.ontologyrepository.com/CommonCoreOntologies/DiagraphPhoneme_Ä_Grapheme-ea-ICE, http://www.ontologyrepository.com/CommonCoreOntologies/Phoneme_n_Grapheme-n-ICE","ea,n",Feed The Monster
http://www.ontologyrepository.com/CommonCoreOntologies/TrigraphPhoneme_Är__Grapheme-air-ICE,air,Trigraph,"http://www.ontologyrepository.com/CommonCoreOntologies/DiagraphPhoneme_Ä_Grapheme-ai-ICE,http://www.ontologyrepository.com/CommonCoreOntologies/Phoneme_r_Grapheme-r-ICE","ai,r",Feed The Monster
http://www.ontologyrepository.com/CommonCoreOntologies/TrigraphGrapheme-ame-ICE,ame,Trigraph,"http://www.ontologyrepository.com/CommonCoreOntologies/Phoneme_a_Grapheme-a-ICE,http://www.ontologyrepository.com/CommonCoreOntologies/Phoneme_m_Grapheme-m-ICE, http://www.ontologyrepository.com/CommonCoreOntologies/Phoneme_e_Grapheme-e-ICE","a,m,e",Feed The Monster
http://www.ontologyrepository.com/CommonCoreOntologies/TrigraphGrapheme-ale-ICE,ale,Trigraph,"http://www.ontologyrepository.com/CommonCoreOntologies/Phoneme_a_Grapheme-a-ICE,http://www.ontologyrepository.com/CommonCoreOntologies/Phoneme_l_Grapheme-l-ICE, http://www.ontologyrepository.com/CommonCoreOntologies/Phoneme_e_Grapheme-e-ICE","a,l.e",Feed The Monster
http://www.ontologyrepository.com/CommonCoreOntologies/TrigraphGrapheme-ake-ICE,ake,Trigraph,"http://www.ontologyrepository.com/CommonCoreOntologies/Phoneme_a_Grapheme-a-ICE,http://www.ontologyrepository.com/CommonCoreOntologies/Phoneme_k_Grapheme-k-ICE,http://www.ontologyrepository.com/CommonCoreOntologies/Phoneme_e_Grapheme-e-ICE","a,k,e",Feed The Monster